{"cameraMode":{"drawMode":0,"name":"Shaded","section":"Shading Mode"},"sceneLighting":false,"audioPlay":false,"sceneViewState":{"showFog":true,"showMaterialUpdate":true,"showSkybox":false,"showFlares":true,"showImageEffects":true,"showParticleSystems":true},"in2DMode":false,"pivot":{"x":-16.49936866760254,"y":63.144805908203128,"z":-0.8612634539604187},"rotation":{"x":-0.13818064332008363,"y":-0.5286144018173218,"z":-0.08769497275352478,"w":0.8329390287399292},"size":24.715421676635743,"orthographic":false}