{"cameraMode":{"drawMode":0,"name":"Shaded","section":"Shading Mode"},"sceneLighting":true,"audioPlay":false,"sceneViewState":{"showFog":true,"showMaterialUpdate":true,"showSkybox":true,"showFlares":true,"showImageEffects":true,"showParticleSystems":true},"in2DMode":false,"pivot":{"x":-10.507930755615235,"y":-17.951885223388673,"z":134.48974609375},"rotation":{"x":-0.28676629066467287,"y":0.649135172367096,"z":-0.28988751769065859,"w":-0.642154335975647},"size":37.164756774902347,"orthographic":false}