{"cameraMode":{"drawMode":0,"name":"Shaded","section":"Shading Mode"},"sceneLighting":false,"audioPlay":false,"sceneViewState":{"showFog":true,"showMaterialUpdate":true,"showSkybox":false,"showFlares":true,"showImageEffects":true,"showParticleSystems":true},"in2DMode":false,"pivot":{"x":562.841064453125,"y":319.5000305175781,"z":2.91135311126709},"rotation":{"x":0.1027929037809372,"y":-0.8411931395530701,"z":-0.17217934131622315,"w":-0.5021834969520569},"size":2165.464599609375,"orthographic":false}