{"cameraMode":{"drawMode":0,"name":"Shaded","section":"Shading Mode"},"sceneLighting":true,"audioPlay":false,"sceneViewState":{"showFog":true,"showMaterialUpdate":true,"showSkybox":true,"showFlares":true,"showImageEffects":true,"showParticleSystems":true},"in2DMode":false,"pivot":{"x":-43.2437629699707,"y":17.850818634033204,"z":-121.90958404541016},"rotation":{"x":-0.013577171601355076,"y":-0.9803447723388672,"z":-0.07277963310480118,"w":0.18293464183807374},"size":114.59512329101563,"orthographic":false}