{"cameraMode":{"drawMode":0,"name":"Shaded","section":"Shading Mode"},"sceneLighting":false,"audioPlay":false,"sceneViewState":{"showFog":true,"showMaterialUpdate":true,"showSkybox":false,"showFlares":true,"showImageEffects":true,"showParticleSystems":true},"in2DMode":false,"pivot":{"x":0.005703449249267578,"y":0.8254766464233398,"z":-0.35584068298339846},"rotation":{"x":0.07465667277574539,"y":0.9250349998474121,"z":-0.25035274028778078,"w":0.2758404612541199},"size":12.425893783569336,"orthographic":false}