{"cameraMode":{"drawMode":0,"name":"Shaded","section":"Shading Mode"},"sceneLighting":true,"audioPlay":false,"sceneViewState":{"showFog":true,"showMaterialUpdate":true,"showSkybox":false,"showFlares":true,"showImageEffects":true,"showParticleSystems":true},"in2DMode":false,"pivot":{"x":17.256223678588868,"y":-6.5986175537109379,"z":-3.4024226665496828},"rotation":{"x":0.12803588807582856,"y":0.7822192311286926,"z":-0.17114366590976716,"w":0.5851936340332031},"size":20.073455810546876,"orthographic":false}