{"cameraMode":{"drawMode":0,"name":"Shaded","section":"Shading Mode"},"sceneLighting":false,"audioPlay":false,"sceneViewState":{"showFog":true,"showMaterialUpdate":true,"showSkybox":false,"showFlares":true,"showImageEffects":true,"showParticleSystems":true},"in2DMode":false,"pivot":{"x":-1.5223041772842408,"y":-0.1620214581489563,"z":-2.754500150680542},"rotation":{"x":-0.011356485076248646,"y":0.9884619116783142,"z":-0.11649218946695328,"w":-0.09638219326734543},"size":6.588946342468262,"orthographic":false}