{"cameraMode":{"drawMode":0,"name":"Shaded","section":"Shading Mode"},"sceneLighting":true,"audioPlay":false,"sceneViewState":{"showFog":true,"showMaterialUpdate":true,"showSkybox":true,"showFlares":true,"showImageEffects":true,"showParticleSystems":true},"in2DMode":false,"pivot":{"x":65.00655364990235,"y":-1.5264250040054322,"z":93.05615997314453},"rotation":{"x":-0.05433347448706627,"y":-0.7593092918395996,"z":0.06393235921859741,"w":-0.6452996730804443},"size":39.4466667175293,"orthographic":false}